{"cameraMode":{"drawMode":0,"name":"Shaded","section":"Shading Mode"},"sceneLighting":false,"audioPlay":false,"sceneViewState":{"m_AlwaysRefresh":false,"showFog":true,"showSkybox":false,"showFlares":true,"showImageEffects":true,"showParticleSystems":true,"showVisualEffectGraphs":true,"m_FxEnabled":true},"in2DMode":false,"pivot":{"x":-0.4610869288444519,"y":0.33795231580734255,"z":1.0825824737548829},"rotation":{"x":0.01341655757278204,"y":0.9564048647880554,"z":-0.04450489953160286,"w":0.2883184552192688},"size":0.5672615170478821,"orthographic":false}